,Scenario,Year,Groups,PM2.5 Exposure,NOx Exposure,SO2 Exposure
0,A: Base,2020,0-10%,0.9515689361333243,0.9651983354432337,0.7425571236945946
1,A: Base,2020,10-20%,0.9451884832061306,0.8653839160769693,0.7181288722289694
2,A: Base,2020,20-30%,0.9318202911380126,0.8654411086763,0.693205814761999
3,A: Base,2020,30-50%,0.8816873003824124,0.9043385833747569,0.7178047286209824
4,A: Base,2020,50-70%,0.9748953563349152,1.0427072121571732,0.8434508663181259
5,A: Base,2020,70-100%,1.1990101686767511,1.1507016139650812,1.122416787984944
0,A: Base,2026,0-10%,0.9750576259034104,0.9791194861698651,0.7426414941727162
1,A: Base,2026,10-20%,0.9834129164343952,0.8886344777483455,0.7311470129175458
2,A: Base,2026,20-30%,0.9793068039764544,0.8944523730756037,0.7129908984864668
3,A: Base,2026,30-50%,0.924077277223709,0.932081459352937,0.7349673020980065
4,A: Base,2026,50-70%,1.0201286469005297,1.0766059111675563,0.8672593321948131
5,A: Base,2026,70-100%,1.266079852294641,1.2013295059509912,1.1706778413668033
0,A: Base,2030,0-10%,0.9444485814683498,0.9462948452936341,0.7199311214708317
1,A: Base,2030,10-20%,0.9565613601775081,0.8612308211900619,0.710336300373237
2,A: Base,2030,20-30%,0.9544227180265481,0.8676162112167245,0.6935111047036385
3,A: Base,2030,30-50%,0.9008367785567368,0.9041326578797172,0.7149561387118017
4,A: Base,2030,50-70%,0.9947686804931357,1.046788980602057,0.8454735475067885
5,A: Base,2030,70-100%,1.234905499005208,1.168763201540215,1.1416683857242067
0,A: Base,2035,0-10%,0.9046074901727262,0.9083616251124417,0.691416046662748
1,A: Base,2035,10-20%,0.9234163929195127,0.8306481998699338,0.6869473645303732
2,A: Base,2035,20-30%,0.9228551176206659,0.8371079564684316,0.6691580886276581
3,A: Base,2035,30-50%,0.868059550195493,0.8699268629444386,0.6844600068241998
4,A: Base,2035,50-70%,0.9638935181418791,1.0113568193961469,0.816942590246425
5,A: Base,2035,70-100%,1.2004084038418676,1.1335255612536745,1.1200900968243865
0,A: Base,2040,0-10%,0.7933331851592929,0.8075098856222537,0.6083231798270263
1,A: Base,2040,10-20%,0.8038853009598499,0.733748746524633,0.600416321717485
2,A: Base,2040,20-30%,0.7996559076968328,0.7366516048838522,0.5792305828307656
3,A: Base,2040,30-50%,0.7565280600068561,0.7691800094128114,0.5955991231006282
4,A: Base,2040,50-70%,0.8486061404125664,0.902360913617371,0.7236465255964157
5,A: Base,2040,70-100%,1.065633893013604,1.0151448202768816,1.0134564504851178
0,A: Base,2045,0-10%,0.5076549386704248,0.5484527406905244,0.38815104411621876
1,A: Base,2045,10-20%,0.5151190711215944,0.49910200201792465,0.381817940571705
2,A: Base,2045,20-30%,0.5142378092240564,0.5047942522149806,0.3720160708908526
3,A: Base,2045,30-50%,0.488654638704953,0.5303110582097279,0.38851420466183434
4,A: Base,2045,50-70%,0.5441665169368972,0.6188362219398875,0.4775024437722032
5,A: Base,2045,70-100%,0.6726073553655681,0.6745023729493532,0.6544019925148018
0,A: Base,2050,0-10%,0.33040463283318156,0.3739433676912853,0.2601340057938645
1,A: Base,2050,10-20%,0.336786729196843,0.34316569946640324,0.2494560273493809
2,A: Base,2050,20-30%,0.3375326475424619,0.35035592977798014,0.24728574260031522
3,A: Base,2050,30-50%,0.3200990763983907,0.3660203431017394,0.25831950297297657
4,A: Base,2050,50-70%,0.34969134206018526,0.42020954519219256,0.3147416819909974
5,A: Base,2050,70-100%,0.4374321515880783,0.4473782283950043,0.40501800857708115
0,B: US NDC Carbon Cap,2020,0-10%,0.6202369118772327,0.6774443790036163,0.4831802318903201
1,B: US NDC Carbon Cap,2020,10-20%,0.6182435849309171,0.6031395686656625,0.467319976365269
2,B: US NDC Carbon Cap,2020,20-30%,0.6087943739639529,0.6036279423461887,0.44641348090612043
3,B: US NDC Carbon Cap,2020,30-50%,0.5756901744422089,0.6345687993053923,0.46524638932892265
4,B: US NDC Carbon Cap,2020,50-70%,0.6487996716568883,0.7434090473992917,0.5765403994337209
5,B: US NDC Carbon Cap,2020,70-100%,0.8115039105578458,0.8147706682697007,0.7857726231460388
0,B: US NDC Carbon Cap,2026,0-10%,0.3175972314250121,0.4018445098971655,0.22915531574970838
1,B: US NDC Carbon Cap,2026,10-20%,0.3268344041251782,0.3609026094814955,0.2307962761299884
2,B: US NDC Carbon Cap,2026,20-30%,0.3264096456960057,0.3664306218486187,0.2242437487644834
3,B: US NDC Carbon Cap,2026,30-50%,0.3041827073284342,0.3832644339989395,0.22928426429847698
4,B: US NDC Carbon Cap,2026,50-70%,0.3372263488871497,0.44071992491900264,0.2753011368384069
5,B: US NDC Carbon Cap,2026,70-100%,0.4129357035023083,0.46282984695953905,0.36985157548511527
0,B: US NDC Carbon Cap,2030,0-10%,0.23268431104683523,0.31966775738699216,0.1645638764648068
1,B: US NDC Carbon Cap,2030,10-20%,0.24033381461105136,0.2867523986861023,0.16464306122909983
2,B: US NDC Carbon Cap,2030,20-30%,0.24210756633308914,0.2936516071604338,0.16169440049494943
3,B: US NDC Carbon Cap,2030,30-50%,0.22638831164533332,0.30775039065721527,0.16504617611383549
4,B: US NDC Carbon Cap,2030,50-70%,0.24718420057069157,0.34967585074454777,0.194054027740566
5,B: US NDC Carbon Cap,2030,70-100%,0.29086440408854625,0.3520322323807276,0.2499485573092175
0,B: US NDC Carbon Cap,2035,0-10%,0.14280437953842987,0.22623706430045717,0.09803435635739537
1,B: US NDC Carbon Cap,2035,10-20%,0.14633460180417437,0.2013647895234476,0.09706464479836514
2,B: US NDC Carbon Cap,2035,20-30%,0.14723715973267087,0.20790923819766902,0.09502262637337881
3,B: US NDC Carbon Cap,2035,30-50%,0.13871103633123705,0.21927379180549936,0.09713880583052133
4,B: US NDC Carbon Cap,2035,50-70%,0.15250602319693418,0.24861809628762638,0.11813003898012528
5,B: US NDC Carbon Cap,2035,70-100%,0.17994957401849995,0.2404661903496706,0.15059383869815982
0,B: US NDC Carbon Cap,2040,0-10%,0.10099279139083271,0.18203328556058426,0.06669985227334596
1,B: US NDC Carbon Cap,2040,10-20%,0.10243876201503761,0.16138518400672164,0.06533150115217105
2,B: US NDC Carbon Cap,2040,20-30%,0.10337030926924161,0.16809667139090878,0.06427272084573106
3,B: US NDC Carbon Cap,2040,30-50%,0.0982151525419324,0.17845197891617787,0.06693803132510051
4,B: US NDC Carbon Cap,2040,50-70%,0.10799445539334984,0.2008359482306183,0.08195437265995728
5,B: US NDC Carbon Cap,2040,70-100%,0.1223727854456862,0.18513216853451428,0.09892766880460654
0,B: US NDC Carbon Cap,2045,0-10%,0.14328663390007232,0.21407011808457643,0.10367746445381823
1,B: US NDC Carbon Cap,2045,10-20%,0.14775577508451138,0.19305326888688285,0.10029729247157962
2,B: US NDC Carbon Cap,2045,20-30%,0.15001335226391446,0.20052148072054582,0.0995277037601085
3,B: US NDC Carbon Cap,2045,30-50%,0.14187868585230143,0.2116541510602206,0.1040979311447844
4,B: US NDC Carbon Cap,2045,50-70%,0.15244413952120245,0.23772357524335552,0.1224521374068029
5,B: US NDC Carbon Cap,2045,70-100%,0.16984864076992776,0.22181235507449215,0.13733123244539408
0,B: US NDC Carbon Cap,2050,0-10%,0.2109555717103537,0.2691568219369225,0.1697463116916483
1,B: US NDC Carbon Cap,2050,10-20%,0.20930088501807737,0.24042476539141905,0.15664103831371773
2,B: US NDC Carbon Cap,2050,20-30%,0.20709539557781123,0.24472879824040777,0.15254313446507514
3,B: US NDC Carbon Cap,2050,30-50%,0.19914619513561602,0.259251595602989,0.16358402455477133
4,B: US NDC Carbon Cap,2050,50-70%,0.21878772757045056,0.2968191839169758,0.19784516502114852
5,B: US NDC Carbon Cap,2050,70-100%,0.2667107181972372,0.2997532501256455,0.23810747130359333
0,C: 1.5C Pathway Carbon Cap,2020,0-10%,0.6202369118772327,0.6774443790036163,0.4831802318903201
1,C: 1.5C Pathway Carbon Cap,2020,10-20%,0.6182435849309171,0.6031395686656625,0.467319976365269
2,C: 1.5C Pathway Carbon Cap,2020,20-30%,0.6087943739639529,0.6036279423461887,0.44641348090612043
3,C: 1.5C Pathway Carbon Cap,2020,30-50%,0.5756901744422089,0.6345687993053923,0.46524638932892265
4,C: 1.5C Pathway Carbon Cap,2020,50-70%,0.6487996716568883,0.7434090473992917,0.5765403994337209
5,C: 1.5C Pathway Carbon Cap,2020,70-100%,0.8115039105578458,0.8147706682697007,0.7857726231460388
0,C: 1.5C Pathway Carbon Cap,2026,0-10%,0.2490156338352995,0.33816917448851164,0.17814115772111846
1,C: 1.5C Pathway Carbon Cap,2026,10-20%,0.2560528086631412,0.3020710751555332,0.1775223450518733
2,C: 1.5C Pathway Carbon Cap,2026,20-30%,0.2565101848917185,0.30823610294655684,0.17245573421173077
3,C: 1.5C Pathway Carbon Cap,2026,30-50%,0.2403803607179184,0.3238907131165922,0.17714648489663137
4,C: 1.5C Pathway Carbon Cap,2026,50-70%,0.26600561088726066,0.37089946115079936,0.21376276499938346
5,C: 1.5C Pathway Carbon Cap,2026,70-100%,0.31942391699210015,0.3775746929449673,0.2771924333668441
0,C: 1.5C Pathway Carbon Cap,2030,0-10%,0.03899460459226477,0.11803160180364239,0.019554887758831272
1,C: 1.5C Pathway Carbon Cap,2030,10-20%,0.03693010736699129,0.10226411592294397,0.017223254612234524
2,C: 1.5C Pathway Carbon Cap,2030,20-30%,0.037445950975931924,0.10782256586436109,0.01710590328914899
3,C: 1.5C Pathway Carbon Cap,2030,30-50%,0.03709482198038767,0.11542600342809783,0.019057655051009655
4,C: 1.5C Pathway Carbon Cap,2030,50-70%,0.039867281091131634,0.12751607774672313,0.023730502366398776
5,C: 1.5C Pathway Carbon Cap,2030,70-100%,0.03859951909104105,0.10673010149995789,0.02206623818987826
0,C: 1.5C Pathway Carbon Cap,2035,0-10%,0.015018552144078096,0.04743664740831354,0.005915452206798185
1,C: 1.5C Pathway Carbon Cap,2035,10-20%,0.014852536911885317,0.04310998511451156,0.005434652678144547
2,C: 1.5C Pathway Carbon Cap,2035,20-30%,0.015739774008147942,0.04620471956956999,0.005958350324236431
3,C: 1.5C Pathway Carbon Cap,2035,30-50%,0.015282626829791661,0.048030089966594,0.006281178120417165
4,C: 1.5C Pathway Carbon Cap,2035,50-70%,0.015073576899635422,0.05090437116113105,0.006332604384560227
5,C: 1.5C Pathway Carbon Cap,2035,70-100%,0.012482068779602421,0.04121227573350606,0.004801545424440962
0,C: 1.5C Pathway Carbon Cap,2040,0-10%,0.01786678453545611,0.05877700697424529,0.006702541109336461
1,C: 1.5C Pathway Carbon Cap,2040,10-20%,0.017874546973875093,0.054559661757962154,0.006171757935427643
2,C: 1.5C Pathway Carbon Cap,2040,20-30%,0.018949206737133385,0.05920117974387952,0.006812818668622522
3,C: 1.5C Pathway Carbon Cap,2040,30-50%,0.018248232433083673,0.06171852504189699,0.0072273937347697385
4,C: 1.5C Pathway Carbon Cap,2040,50-70%,0.017706620414255414,0.06314838256734283,0.007039258280841776
5,C: 1.5C Pathway Carbon Cap,2040,70-100%,0.01531867691314323,0.051961779933617794,0.005591367964120642
0,C: 1.5C Pathway Carbon Cap,2045,0-10%,0.012163962612403628,0.03991960226739173,0.004515241893366989
1,C: 1.5C Pathway Carbon Cap,2045,10-20%,0.0123366632503062,0.037240115937399544,0.0041722038219640266
2,C: 1.5C Pathway Carbon Cap,2045,20-30%,0.013195015160747302,0.040468942823508804,0.00460657120054359
3,C: 1.5C Pathway Carbon Cap,2045,30-50%,0.012591360329417699,0.04190671568150484,0.004832160596125565
4,C: 1.5C Pathway Carbon Cap,2045,50-70%,0.012200201869091439,0.042868586865870424,0.004693170895581207
5,C: 1.5C Pathway Carbon Cap,2045,70-100%,0.010469760453926396,0.0350970421274858,0.0037309143173840827
0,C: 1.5C Pathway Carbon Cap,2050,0-10%,0.005059191255035431,0.01407715669642961,0.001718265210833453
1,C: 1.5C Pathway Carbon Cap,2050,10-20%,0.005715053467057421,0.014720702617327143,0.0017814064030027045
2,C: 1.5C Pathway Carbon Cap,2050,20-30%,0.0062572178129629424,0.016304445770538186,0.0019939469439704638
3,C: 1.5C Pathway Carbon Cap,2050,30-50%,0.005727511655752482,0.01618215663544885,0.001976721013905872
4,C: 1.5C Pathway Carbon Cap,2050,50-70%,0.005312020313069012,0.015908596701230376,0.0017905970483986294
5,C: 1.5C Pathway Carbon Cap,2050,70-100%,0.004434026875716774,0.012985217832603979,0.0014054365716171578
0,D: 80% RE 2050 Mandate,2020,0-10%,0.9523704980097688,0.9658506975397445,0.7430460532575022
1,D: 80% RE 2050 Mandate,2020,10-20%,0.9461381908214275,0.8661012839343741,0.7187752471755544
2,D: 80% RE 2050 Mandate,2020,20-30%,0.9328344364732883,0.8662060037747323,0.6938965187516716
3,D: 80% RE 2050 Mandate,2020,30-50%,0.8825666764095794,0.9050426734277669,0.7183997636845979
4,D: 80% RE 2050 Mandate,2020,50-70%,0.9757903081896941,1.0434482726041052,0.8440525758086853
5,D: 80% RE 2050 Mandate,2020,70-100%,1.1999410483335757,1.1514621812884767,1.1231506226135348
0,D: 80% RE 2050 Mandate,2026,0-10%,0.8387225870930085,0.8488242883941635,0.6423538328434313
1,D: 80% RE 2050 Mandate,2026,10-20%,0.8460026825398628,0.7670000420178233,0.6330815676444893
2,D: 80% RE 2050 Mandate,2026,20-30%,0.839216204880971,0.76660182236931,0.6105076986066458
3,D: 80% RE 2050 Mandate,2026,30-50%,0.7924770167324519,0.7996731202812619,0.6304968543168248
4,D: 80% RE 2050 Mandate,2026,50-70%,0.8875716798920822,0.9397391283124188,0.7645972017344869
5,D: 80% RE 2050 Mandate,2026,70-100%,1.1149859247939065,1.0618450457718775,1.0529295411162056
0,D: 80% RE 2050 Mandate,2030,0-10%,0.7105469118333059,0.7304513487826445,0.5524712201836697
1,D: 80% RE 2050 Mandate,2030,10-20%,0.7224965997178499,0.6625481088955985,0.5446482036818514
2,D: 80% RE 2050 Mandate,2030,20-30%,0.717648066660299,0.663597469706074,0.5277010308653906
3,D: 80% RE 2050 Mandate,2030,30-50%,0.6778352479194665,0.6932362717150446,0.5472829155419224
4,D: 80% RE 2050 Mandate,2030,50-70%,0.7583258690906013,0.8153946173849452,0.6657997359704071
5,D: 80% RE 2050 Mandate,2030,70-100%,0.9502146844200967,0.9153811686896524,0.9056564431430979
0,D: 80% RE 2050 Mandate,2035,0-10%,0.513908773259416,0.5463026635594064,0.39902888676414755
1,D: 80% RE 2050 Mandate,2035,10-20%,0.529033390124295,0.4991343737004258,0.3954003714786383
2,D: 80% RE 2050 Mandate,2035,20-30%,0.5277748560630194,0.5027167933873951,0.38531189581951975
3,D: 80% RE 2050 Mandate,2035,30-50%,0.49561461075205704,0.5225348276156297,0.3954901506492734
4,D: 80% RE 2050 Mandate,2035,50-70%,0.5505745186065234,0.6069390009715043,0.4719072229262456
5,D: 80% RE 2050 Mandate,2035,70-100%,0.675040997999336,0.6649407294578731,0.6308857918005022
0,D: 80% RE 2050 Mandate,2040,0-10%,0.30369992624523956,0.35009945047849567,0.23879906145697413
1,D: 80% RE 2050 Mandate,2040,10-20%,0.3166289765729149,0.3214932726520658,0.23632839054491853
2,D: 80% RE 2050 Mandate,2040,20-30%,0.31897771536829866,0.32744717873480006,0.23416434470286898
3,D: 80% RE 2050 Mandate,2040,30-50%,0.29810534969018526,0.3399777694529355,0.2409896470789486
4,D: 80% RE 2050 Mandate,2040,50-70%,0.32443174555848336,0.3872134093764873,0.2806836466006178
5,D: 80% RE 2050 Mandate,2040,70-100%,0.38338953407753823,0.40432062260576873,0.3523667062581778
0,D: 80% RE 2050 Mandate,2045,0-10%,0.1842443560783461,0.2295762179711127,0.14616679841464653
1,D: 80% RE 2050 Mandate,2045,10-20%,0.18393028934017308,0.20492653627250612,0.13822698462975513
2,D: 80% RE 2050 Mandate,2045,20-30%,0.18074773124401428,0.20661350737430012,0.1339339006704456
3,D: 80% RE 2050 Mandate,2045,30-50%,0.17280209408874156,0.2187681715874043,0.14323092398395956
4,D: 80% RE 2050 Mandate,2045,50-70%,0.18914284508278795,0.24997234797443899,0.16859605281498813
5,D: 80% RE 2050 Mandate,2045,70-100%,0.22592444305514353,0.25170365689057944,0.19970968957684243
0,D: 80% RE 2050 Mandate,2050,0-10%,0.10693135385594667,0.14301732779629597,0.09087373854838861
1,D: 80% RE 2050 Mandate,2050,10-20%,0.10105485620998575,0.12461105250035019,0.07873924942539132
2,D: 80% RE 2050 Mandate,2050,20-30%,0.09592326773648706,0.1242455333249793,0.07423103846131288
3,D: 80% RE 2050 Mandate,2050,30-50%,0.09302252950896993,0.13146016194383345,0.08092721222249905
4,D: 80% RE 2050 Mandate,2050,50-70%,0.10108602094702232,0.14790509724380357,0.09363830188956597
5,D: 80% RE 2050 Mandate,2050,70-100%,0.12605352758690144,0.1485007252028083,0.10930868436037927
0,E: 100% RE 2035 Mandate,2020,0-10%,0.9523704980097688,0.9658506975397445,0.7430460532575022
1,E: 100% RE 2035 Mandate,2020,10-20%,0.9461381908214275,0.8661012839343741,0.7187752471755544
2,E: 100% RE 2035 Mandate,2020,20-30%,0.9328344364732883,0.8662060037747323,0.6938965187516716
3,E: 100% RE 2035 Mandate,2020,30-50%,0.8825666764095794,0.9050426734277669,0.7183997636845979
4,E: 100% RE 2035 Mandate,2020,50-70%,0.9757903081896941,1.0434482726041052,0.8440525758086853
5,E: 100% RE 2035 Mandate,2020,70-100%,1.1999410483335757,1.1514621812884767,1.1231506226135348
0,E: 100% RE 2035 Mandate,2026,0-10%,0.29935179065076284,0.3539514404310813,0.22595165404164597
1,E: 100% RE 2035 Mandate,2026,10-20%,0.3055413213515868,0.3178984468611639,0.2235951803336602
2,E: 100% RE 2035 Mandate,2026,20-30%,0.3036183750970147,0.31990936322360874,0.21572294603643732
3,E: 100% RE 2035 Mandate,2026,30-50%,0.2833655230839936,0.3319290634073248,0.21806536937622878
4,E: 100% RE 2035 Mandate,2026,50-70%,0.31411051770637355,0.38222188460982,0.25918410099252637
5,E: 100% RE 2035 Mandate,2026,70-100%,0.3881222444410446,0.4106375921286071,0.3525145597243155
0,E: 100% RE 2035 Mandate,2030,0-10%,0.04937603296799675,0.09872769827718934,0.035953763743404185
1,E: 100% RE 2035 Mandate,2030,10-20%,0.04603347397844278,0.08465774441158208,0.03209214593469499
2,E: 100% RE 2035 Mandate,2030,20-30%,0.0442157831955987,0.08583281249110758,0.02974023133676682
3,E: 100% RE 2035 Mandate,2030,30-50%,0.04295006739657229,0.09080989848763378,0.030366219218619317
4,E: 100% RE 2035 Mandate,2030,50-70%,0.04814985728671669,0.10301727496180411,0.03606718996311173
5,E: 100% RE 2035 Mandate,2030,70-100%,0.056812247369441286,0.09770734824954963,0.05640657180697024
0,E: 100% RE 2035 Mandate,2035,0-10%,0.0027034688406187514,3.573557839810452e-15,0.0010563942677696409
1,E: 100% RE 2035 Mandate,2035,10-20%,0.0031126357695140335,4.732357547416101e-15,0.0010981861708691605
2,E: 100% RE 2035 Mandate,2035,20-30%,0.0034051966542753766,4.342536472692029e-15,0.001181289068972086
3,E: 100% RE 2035 Mandate,2035,30-50%,0.003079966778521027,3.314354168828911e-15,0.0011135238773788015
4,E: 100% RE 2035 Mandate,2035,50-70%,0.0029382865316607116,2.7715985979515477e-15,0.001095536618878777
5,E: 100% RE 2035 Mandate,2035,70-100%,0.0024746754416946717,4.226482264225276e-15,0.0009724680502114908
0,E: 100% RE 2035 Mandate,2040,0-10%,0.005524909381461107,8.80114517651083e-14,0.0017967358293340758
1,E: 100% RE 2035 Mandate,2040,10-20%,0.006493547264365682,5.051821770489824e-14,0.001999807759389131
2,E: 100% RE 2035 Mandate,2040,20-30%,0.007327746605982262,5.992233950140831e-14,0.002226677028468257
3,E: 100% RE 2035 Mandate,2040,30-50%,0.006765883809092426,8.220657511906615e-14,0.0021496719627011203
4,E: 100% RE 2035 Mandate,2040,50-70%,0.006763416581838421,1.0323824888379242e-13,0.0022556082399065457
5,E: 100% RE 2035 Mandate,2040,70-100%,0.005548211206079218,2.495874940179758e-14,0.002009166035292018
0,E: 100% RE 2035 Mandate,2045,0-10%,0.005524909381461107,8.80114517651083e-14,0.0017967358293340758
1,E: 100% RE 2035 Mandate,2045,10-20%,0.006493547264365682,5.051821770489824e-14,0.001999807759389131
2,E: 100% RE 2035 Mandate,2045,20-30%,0.007327746605982262,5.992233950140831e-14,0.002226677028468257
3,E: 100% RE 2035 Mandate,2045,30-50%,0.006765883809092426,8.220657511906615e-14,0.0021496719627011203
4,E: 100% RE 2035 Mandate,2045,50-70%,0.006763416581838421,1.0323824888379242e-13,0.0022556082399065457
5,E: 100% RE 2035 Mandate,2045,70-100%,0.005548211206079218,2.495874940179758e-14,0.002009166035292018
0,E: 100% RE 2035 Mandate,2050,0-10%,0.005790221488572889,1.454287185139821e-13,0.0018036085034117194
1,E: 100% RE 2035 Mandate,2050,10-20%,0.0072115392022311054,8.349256002822981e-14,0.002202360336070487
2,E: 100% RE 2035 Mandate,2050,20-30%,0.008360699847719083,9.902878390539436e-14,0.002547916835033346
3,E: 100% RE 2035 Mandate,2050,30-50%,0.0075831945630812055,1.3583895718272574e-13,0.0023963635994202243
4,E: 100% RE 2035 Mandate,2050,50-70%,0.007333128853573007,1.7058502727996527e-13,0.002405581179949143
5,E: 100% RE 2035 Mandate,2050,70-100%,0.005655036162522851,4.127060800642198e-14,0.0019377449563021528
0,F: 100% RE 2050 Mandate,2020,0-10%,0.9523704975243723,0.9658506975397445,0.7430460531539329
1,F: 100% RE 2050 Mandate,2020,10-20%,0.9461381903791307,0.8661012839343741,0.7187752469136323
2,F: 100% RE 2050 Mandate,2020,20-30%,0.9328344360785867,0.8662060037747323,0.69389651848109
3,F: 100% RE 2050 Mandate,2020,30-50%,0.8825666761104198,0.9050426734277669,0.7183997635265132
4,F: 100% RE 2050 Mandate,2020,50-70%,0.9757903078593237,1.0434482726041052,0.8440525756827731
5,F: 100% RE 2050 Mandate,2020,70-100%,1.1999410477388894,1.1514621812884767,1.123150622183166
0,F: 100% RE 2050 Mandate,2026,0-10%,0.7302862725206714,0.751244401051605,0.5623497404968332
1,F: 100% RE 2050 Mandate,2026,10-20%,0.7447337023017838,0.6825874742676593,0.5582743294267438
2,F: 100% RE 2050 Mandate,2026,20-30%,0.7413124359534201,0.6840981738069409,0.5399502779314765
3,F: 100% RE 2050 Mandate,2026,30-50%,0.6981292263557559,0.7126214047789418,0.5563551040575017
4,F: 100% RE 2050 Mandate,2026,50-70%,0.7817719768954556,0.8372754874891388,0.678281276699808
5,F: 100% RE 2050 Mandate,2026,70-100%,0.9750961293148234,0.9364037804601201,0.9211653139480664
0,F: 100% RE 2050 Mandate,2030,0-10%,0.49104922064152656,0.5323027036077461,0.379412942889757
1,F: 100% RE 2050 Mandate,2030,10-20%,0.5044369432827536,0.48445381076856364,0.375166740097405
2,F: 100% RE 2050 Mandate,2030,20-30%,0.5038092933424261,0.4882988988102248,0.36599062285722844
3,F: 100% RE 2050 Mandate,2030,30-50%,0.47271442133740754,0.5074253747666106,0.3751996747230657
4,F: 100% RE 2050 Mandate,2030,50-70%,0.5226932449225115,0.5881939410730096,0.4468051243999768
5,F: 100% RE 2050 Mandate,2030,70-100%,0.6429182959797712,0.6459245595015525,0.6002176848381243
0,F: 100% RE 2050 Mandate,2035,0-10%,0.2299155251214552,0.2833350720397789,0.17836951811553314
1,F: 100% RE 2050 Mandate,2035,10-20%,0.23789841171254084,0.2568870378975338,0.1737315755970209
2,F: 100% RE 2050 Mandate,2035,20-30%,0.23820854624534146,0.2608320189655133,0.17016743187011496
3,F: 100% RE 2050 Mandate,2035,30-50%,0.2230834855662445,0.271541394448499,0.17438682203741881
4,F: 100% RE 2050 Mandate,2035,50-70%,0.24360691649803246,0.3100269476658833,0.20454178313187515
5,F: 100% RE 2050 Mandate,2035,70-100%,0.28820908608068635,0.31650373273509314,0.24635944058612663
0,F: 100% RE 2050 Mandate,2040,0-10%,0.08550249793034102,0.13187722305026386,0.07123181082908982
1,F: 100% RE 2050 Mandate,2040,10-20%,0.08364997008768553,0.11542737244233434,0.06420668691935259
2,F: 100% RE 2050 Mandate,2040,20-30%,0.080849611467257,0.11601774748900988,0.06025199535093831
3,F: 100% RE 2050 Mandate,2040,30-50%,0.0771120519838396,0.12239591140393799,0.06368300285350234
4,F: 100% RE 2050 Mandate,2040,50-70%,0.08540507306735666,0.13931168486492523,0.07694831973254797
5,F: 100% RE 2050 Mandate,2040,70-100%,0.10145258280481413,0.13442611846694538,0.09160658214798349
0,F: 100% RE 2050 Mandate,2045,0-10%,0.027709008696528217,0.06227091753890398,0.02153513018114432
1,F: 100% RE 2050 Mandate,2045,10-20%,0.02561459113102172,0.05243508998816172,0.017540496433082624
2,F: 100% RE 2050 Mandate,2045,20-30%,0.024656358168645694,0.053773409404621435,0.01634992888707555
3,F: 100% RE 2050 Mandate,2045,30-50%,0.02412111284349284,0.05772163270708434,0.017815572822928814
4,F: 100% RE 2050 Mandate,2045,50-70%,0.026376437978418175,0.06467050564100117,0.021682122330821185
5,F: 100% RE 2050 Mandate,2045,70-100%,0.028515198958228252,0.05433528240903076,0.017914857933453782
0,F: 100% RE 2050 Mandate,2050,0-10%,0.0012594997350934669,4.468543616905338e-15,0.00047897834101824047
1,F: 100% RE 2050 Mandate,2050,10-20%,0.0014731180751432593,5.40529680637739e-15,0.0005073393976974535
2,F: 100% RE 2050 Mandate,2050,20-30%,0.0016021855969066278,4.4542568842725485e-15,0.0005465578006918345
3,F: 100% RE 2050 Mandate,2050,30-50%,0.0014147931296050152,3.704994569295618e-15,0.0004920564777653744
4,F: 100% RE 2050 Mandate,2050,50-70%,0.001319673002164697,2.5853157050662946e-15,0.00045952430960637553
5,F: 100% RE 2050 Mandate,2050,70-100%,0.0010298968233887803,4.563596176307682e-15,0.0003618753669616235
0,G: Low Carbon 2035 Mandate,2020,0-10%,0.9523704980097688,0.9658506975397445,0.7430460532575022
1,G: Low Carbon 2035 Mandate,2020,10-20%,0.9461381908214275,0.8661012839343741,0.7187752471755544
2,G: Low Carbon 2035 Mandate,2020,20-30%,0.9328344364732883,0.8662060037747323,0.6938965187516716
3,G: Low Carbon 2035 Mandate,2020,30-50%,0.8825666764095794,0.9050426734277669,0.7183997636845979
4,G: Low Carbon 2035 Mandate,2020,50-70%,0.9757903081896941,1.0434482726041052,0.8440525758086853
5,G: Low Carbon 2035 Mandate,2020,70-100%,1.1999410483335757,1.1514621812884767,1.1231506226135348
0,G: Low Carbon 2035 Mandate,2026,0-10%,0.7099180048669661,0.7372863937658682,0.544816986767495
1,G: Low Carbon 2035 Mandate,2026,10-20%,0.7250099307340633,0.6692758108909517,0.5417850426356494
2,G: Low Carbon 2035 Mandate,2026,20-30%,0.7211244863164469,0.6699111862814661,0.5215132216046624
3,G: Low Carbon 2035 Mandate,2026,30-50%,0.678170364714629,0.6982903270499722,0.5365597493997436
4,G: Low Carbon 2035 Mandate,2026,50-70%,0.7631666326667799,0.8238357364162998,0.6611826438383163
5,G: Low Carbon 2035 Mandate,2026,70-100%,0.9549115186014457,0.9214368760544801,0.9062002943321701
0,G: Low Carbon 2035 Mandate,2030,0-10%,0.1815492909199994,0.23994395913775587,0.13480252090964853
1,G: Low Carbon 2035 Mandate,2030,10-20%,0.1852163142592439,0.2157779663630095,0.13089668169691088
2,G: Low Carbon 2035 Mandate,2030,20-30%,0.18436054708996752,0.219629358165276,0.12757926108243506
3,G: Low Carbon 2035 Mandate,2030,30-50%,0.17314487037231796,0.22937120819225268,0.13020950116111316
4,G: Low Carbon 2035 Mandate,2030,50-70%,0.18777462636258233,0.2579460026878122,0.15080197895694228
5,G: Low Carbon 2035 Mandate,2030,70-100%,0.2238912182009299,0.25891990446214336,0.18597233702006002
0,G: Low Carbon 2035 Mandate,2035,0-10%,0.015893612450781254,0.05319528627199426,0.005570533550344856
1,G: Low Carbon 2035 Mandate,2035,10-20%,0.01683322027569903,0.05215879123837325,0.005548485618513838
2,G: Low Carbon 2035 Mandate,2035,20-30%,0.01810013132751808,0.05699290471834032,0.006071499317154207
3,G: Low Carbon 2035 Mandate,2035,30-50%,0.017330736986142927,0.058723505320962564,0.006268615248998371
4,G: Low Carbon 2035 Mandate,2035,50-70%,0.016793538602926008,0.05925414655805396,0.006136895051884095
5,G: Low Carbon 2035 Mandate,2035,70-100%,0.01190208236595949,0.040659116258863995,0.004059503660053954
0,G: Low Carbon 2035 Mandate,2040,0-10%,0.017922876053254985,0.06119551145260416,0.0063739428462092716
1,G: Low Carbon 2035 Mandate,2040,10-20%,0.018417258414801782,0.058406524862616764,0.006141142615169461
2,G: Low Carbon 2035 Mandate,2040,20-30%,0.019533290716584526,0.06334411665694838,0.006680567187425742
3,G: Low Carbon 2035 Mandate,2040,30-50%,0.01892487687999095,0.06629497774180551,0.007051799885630986
4,G: Low Carbon 2035 Mandate,2040,50-70%,0.018770364604040163,0.06814597504773214,0.007127521284168426
5,G: Low Carbon 2035 Mandate,2040,70-100%,0.014459339280995008,0.049556769464417026,0.005138295486519902
0,G: Low Carbon 2035 Mandate,2045,0-10%,0.01677330956407273,0.05757996232487609,0.005931603426542258
1,G: Low Carbon 2035 Mandate,2045,10-20%,0.01745343900867315,0.0557020981277383,0.005776435649751454
2,G: Low Carbon 2035 Mandate,2045,20-30%,0.01866978849801369,0.060897314969273614,0.0063746129919473385
3,G: Low Carbon 2035 Mandate,2045,30-50%,0.018026403290505904,0.06352183751121723,0.006720937275181769
4,G: Low Carbon 2035 Mandate,2045,50-70%,0.017422937373748414,0.0637200041092357,0.006500789287980419
5,G: Low Carbon 2035 Mandate,2045,70-100%,0.012936021793406213,0.0454852056639946,0.0043483009682342205
0,G: Low Carbon 2035 Mandate,2050,0-10%,0.01560256630790338,0.05333361174788343,0.005536845605173219
1,G: Low Carbon 2035 Mandate,2050,10-20%,0.016271434433461723,0.05173274198231545,0.005394347202881719
2,G: Low Carbon 2035 Mandate,2050,20-30%,0.017428476161631443,0.056597465218524885,0.0059587351554465685
3,G: Low Carbon 2035 Mandate,2050,30-50%,0.016807474847325587,0.05896705923914699,0.006286189860334737
4,G: Low Carbon 2035 Mandate,2050,50-70%,0.016133252439910647,0.05883614602693079,0.005984331906858819
5,G: Low Carbon 2035 Mandate,2050,70-100%,0.012008556941291994,0.042228222356417135,0.003972911188267955
0,H: Low Carbon 2050 Mandate,2020,0-10%,0.9523704975243723,0.9658506975397445,0.7430460531539329
1,H: Low Carbon 2050 Mandate,2020,10-20%,0.9461381903791307,0.8661012839343741,0.7187752469136323
2,H: Low Carbon 2050 Mandate,2020,20-30%,0.9328344360785867,0.8662060037747323,0.69389651848109
3,H: Low Carbon 2050 Mandate,2020,30-50%,0.8825666761104198,0.9050426734277669,0.7183997635265132
4,H: Low Carbon 2050 Mandate,2020,50-70%,0.9757903078593237,1.0434482726041052,0.8440525756827731
5,H: Low Carbon 2050 Mandate,2020,70-100%,1.1999410477388894,1.1514621812884767,1.123150622183166
0,H: Low Carbon 2050 Mandate,2026,0-10%,0.9754724016383003,0.9793972136103837,0.7433777566376164
1,H: Low Carbon 2050 Mandate,2026,10-20%,0.9844680105493141,0.8893021522863642,0.7321037557370549
2,H: Low Carbon 2050 Mandate,2026,20-30%,0.9806072026703115,0.8952570923039372,0.7141131711647201
3,H: Low Carbon 2050 Mandate,2026,30-50%,0.9250944252602259,0.932660937884937,0.735783467950503
4,H: Low Carbon 2050 Mandate,2026,50-70%,1.0210221151241496,1.0771130850593127,0.8679027397071275
5,H: Low Carbon 2050 Mandate,2026,70-100%,1.2667219234967357,1.201894187857128,1.1715717883189245
0,H: Low Carbon 2050 Mandate,2030,0-10%,0.8681745695665297,0.8804846585134721,0.6614568215649035
1,H: Low Carbon 2050 Mandate,2030,10-20%,0.8800119284368868,0.7994215709230632,0.6537595609192404
2,H: Low Carbon 2050 Mandate,2030,20-30%,0.875194107723231,0.8019187322237765,0.63221839800741
3,H: Low Carbon 2050 Mandate,2030,30-50%,0.826559761058342,0.8370709228230784,0.6525102200958746
4,H: Low Carbon 2050 Mandate,2030,50-70%,0.9226091635284429,0.9791295631123509,0.7885949458621904
5,H: Low Carbon 2050 Mandate,2030,70-100%,1.1566692987673757,1.1000191393452396,1.081331164803659
0,H: Low Carbon 2050 Mandate,2035,0-10%,0.5524644532674376,0.5897470593333499,0.42395661731586143
1,H: Low Carbon 2050 Mandate,2035,10-20%,0.5743740908357132,0.5421183642719821,0.42417074024420454
2,H: Low Carbon 2050 Mandate,2035,20-30%,0.5752982882668313,0.547753976836951,0.41258648836796114
3,H: Low Carbon 2050 Mandate,2035,30-50%,0.5385973859781358,0.5693233039329686,0.4223562262022449
4,H: Low Carbon 2050 Mandate,2035,50-70%,0.5995994417345761,0.6627541829431319,0.5143350442949346
5,H: Low Carbon 2050 Mandate,2035,70-100%,0.7393395370279,0.7268445440155792,0.6921206576353005
0,H: Low Carbon 2050 Mandate,2040,0-10%,0.2380967881583471,0.29247240167868527,0.18093207760588018
1,H: Low Carbon 2050 Mandate,2040,10-20%,0.2480106211053999,0.26815834259601945,0.17707725251028997
2,H: Low Carbon 2050 Mandate,2040,20-30%,0.24936128281557865,0.2741247228509784,0.17344657373480996
3,H: Low Carbon 2050 Mandate,2040,30-50%,0.23343508609855662,0.2852728838480382,0.17734994070220708
4,H: Low Carbon 2050 Mandate,2040,50-70%,0.254149610623134,0.3226581047209389,0.20966566794707645
5,H: Low Carbon 2050 Mandate,2040,70-100%,0.29755622847185176,0.32176433401740695,0.24229240787610842
0,H: Low Carbon 2050 Mandate,2045,0-10%,0.06967790614881253,0.11179985044432704,0.058083024797603126
1,H: Low Carbon 2050 Mandate,2045,10-20%,0.0666113516545591,0.09657690260123225,0.050492591144482346
2,H: Low Carbon 2050 Mandate,2045,20-30%,0.06388603304720061,0.09740214031464776,0.04664631854262534
3,H: Low Carbon 2050 Mandate,2045,30-50%,0.061361153753725625,0.10310637978139205,0.049219553062770434
4,H: Low Carbon 2050 Mandate,2045,50-70%,0.0681502293262698,0.11545545702512151,0.06017505702792922
5,H: Low Carbon 2050 Mandate,2045,70-100%,0.08304837624459947,0.1107959862210895,0.07079333113789144
0,H: Low Carbon 2050 Mandate,2050,0-10%,0.009313905204958445,0.030527398205321066,0.003240312911724206
1,H: Low Carbon 2050 Mandate,2050,10-20%,0.01004664247302936,0.030640919886566666,0.0032126279864850968
2,H: Low Carbon 2050 Mandate,2050,20-30%,0.011023307552732191,0.0341451206323898,0.0036248776957949484
3,H: Low Carbon 2050 Mandate,2050,30-50%,0.010508070364668472,0.03518332536253951,0.0037814609986829167
4,H: Low Carbon 2050 Mandate,2050,50-70%,0.010033519149243718,0.035103257648017354,0.003540701816402471
5,H: Low Carbon 2050 Mandate,2050,70-100%,0.007470787773173312,0.024937644974546813,0.0022321648957776695
