,Scenario,Year,Groups,PM2.5 Exposure,NOx Exposure,SO2 Exposure,,,
0,A: Base,2020,Total,0.872437501,0.852796907,0.675937003,,,
1,A: Base,2020,Black,1.134890745,1.145093692,0.784921901,,,
2,A: Base,2020,Asian,0.650887061,0.749147295,0.444832755,,,
3,A: Base,2020,Latinx/Hispanic,0.602812632,0.66891314,0.465521642,,,
4,A: Base,2020,Indigenous,0.656867991,0.587267144,0.514902984,,,
5,A: Base,2020,Non-Latinx White,0.969331331,0.926188217,0.772722561,,,
0,A: Base,2026,Total,0.903673796,0.872030522,0.68491721,,,
1,A: Base,2026,Black,1.190485244,1.185062113,0.806838678,,,
2,A: Base,2026,Asian,0.662726523,0.754869554,0.440192185,,,
3,A: Base,2026,Latinx/Hispanic,0.616330002,0.672790919,0.460687361,,,
4,A: Base,2026,Indigenous,0.655438353,0.578137727,0.485741401,,,
5,A: Base,2026,Non-Latinx White,1.003619039,0.947107211,0.783628015,,,
0,A: Base,2030,Total,0.878001582,0.844471335,0.665187172,,,
1,A: Base,2030,Black,1.16258315,1.153019789,0.786775187,,,
2,A: Base,2030,Asian,0.640919489,0.72618247,0.42535881,,,
3,A: Base,2030,Latinx/Hispanic,0.596756293,0.646268349,0.444660203,,,
4,A: Base,2030,Indigenous,0.638055582,0.560010358,0.475726655,,,
5,A: Base,2030,Non-Latinx White,0.974478849,0.917179295,0.760834587,,,
0,A: Base,2035,Total,0.845710979,0.813299321,0.641430535,,,
1,A: Base,2035,Black,1.137043124,1.12078943,0.769029044,,,
2,A: Base,2035,Asian,0.608743456,0.695844901,0.400227122,,,
3,A: Base,2035,Latinx/Hispanic,0.554915721,0.609663115,0.404134407,,,
4,A: Base,2035,Indigenous,0.590515936,0.523406941,0.439100312,,,
5,A: Base,2035,Non-Latinx White,0.938440959,0.883082171,0.735007694,,,
0,A: Base,2040,Total,0.739873398,0.721373806,0.563027948,,,
1,A: Base,2040,Black,0.98311403,0.985793026,0.660354652,,,
2,A: Base,2040,Asian,0.530432919,0.61644926,0.340249513,,,
3,A: Base,2040,Latinx/Hispanic,0.47644325,0.533636993,0.335463473,,,
4,A: Base,2040,Indigenous,0.50541733,0.457589043,0.381560909,,,
5,A: Base,2040,Non-Latinx White,0.824148074,0.785537907,0.65027404,,,
0,A: Base,2045,Total,0.474270667,0.49097461,0.359664668,,,
1,A: Base,2045,Black,0.613959482,0.660413441,0.405132973,,,
2,A: Base,2045,Asian,0.337915938,0.421661082,0.214781775,,,
3,A: Base,2045,Latinx/Hispanic,0.314453152,0.378156279,0.222613305,,,
4,A: Base,2045,Indigenous,0.347446576,0.334163572,0.281344455,,,
5,A: Base,2045,Non-Latinx White,0.530143212,0.534704542,0.417095122,,,
0,A: Base,2050,Total,0.307928317,0.335082608,0.236628245,,,
1,A: Base,2050,Black,0.390736421,0.445485507,0.262226834,,26.90%,
2,A: Base,2050,Asian,0.215576866,0.285975198,0.146607631,,-30.00%,
3,A: Base,2050,Latinx/Hispanic,0.222606444,0.278160207,0.171181246,,-27.70%,
4,A: Base,2050,Indigenous,0.246934971,0.246644705,0.211927848,,-19.80%,
5,A: Base,2050,Non-Latinx White,0.344289458,0.364305602,0.272454721,,11.80%,
0,B: US NDC Carbon Cap,2020,Total,0.572260849,0.598874078,0.443384949,,,
1,B: US NDC Carbon Cap,2020,Black,0.751087064,0.810282529,0.51282305,,,
2,B: US NDC Carbon Cap,2020,Asian,0.421046107,0.534163624,0.273877287,,,
3,B: US NDC Carbon Cap,2020,Latinx/Hispanic,0.367471418,0.459481986,0.257425052,,,
4,B: US NDC Carbon Cap,2020,Indigenous,0.395760539,0.384931747,0.292306371,,,
5,B: US NDC Carbon Cap,2020,Non-Latinx White,0.637708603,0.64979447,0.513162921,,,
0,B: US NDC Carbon Cap,2026,Total,0.299187129,0.357521248,0.21580261,,,
1,B: US NDC Carbon Cap,2026,Black,0.397043432,0.49000649,0.24836156,,,
2,B: US NDC Carbon Cap,2026,Asian,0.214507282,0.32510644,0.127355643,,,
3,B: US NDC Carbon Cap,2026,Latinx/Hispanic,0.18714561,0.283975645,0.120728574,,,
4,B: US NDC Carbon Cap,2026,Indigenous,0.203254103,0.23324015,0.156430785,,,
5,B: US NDC Carbon Cap,2026,Non-Latinx White,0.333450109,0.385526432,0.250459435,,,
0,B: US NDC Carbon Cap,2030,Total,0.219566057,0.284023826,0.153861583,,,
1,B: US NDC Carbon Cap,2030,Black,0.289138446,0.389453009,0.17472047,,,
2,B: US NDC Carbon Cap,2030,Asian,0.159894546,0.262608777,0.094279823,,,
3,B: US NDC Carbon Cap,2030,Latinx/Hispanic,0.147867052,0.238356323,0.096191537,,,
4,B: US NDC Carbon Cap,2030,Indigenous,0.163407017,0.198151148,0.13278744,,,
5,B: US NDC Carbon Cap,2030,Non-Latinx White,0.24386207,0.304815706,0.177541413,,,
0,B: US NDC Carbon Cap,2035,Total,0.13396556,0.200299572,0.091098122,,,
1,B: US NDC Carbon Cap,2035,Black,0.178439545,0.278765534,0.110539972,,,
2,B: US NDC Carbon Cap,2035,Asian,0.10022812,0.194521131,0.059313703,,,
3,B: US NDC Carbon Cap,2035,Latinx/Hispanic,0.094381772,0.180062377,0.058079083,,,
4,B: US NDC Carbon Cap,2035,Indigenous,0.093613378,0.129035374,0.057761401,,,
5,B: US NDC Carbon Cap,2035,Non-Latinx White,0.148070976,0.212810904,0.103896792,,,
0,B: US NDC Carbon Cap,2040,Total,0.094193713,0.160982241,0.061854729,,,
1,B: US NDC Carbon Cap,2040,Black,0.125164775,0.224071468,0.075256896,,,
2,B: US NDC Carbon Cap,2040,Asian,0.073202915,0.160892162,0.041743244,,,
3,B: US NDC Carbon Cap,2040,Latinx/Hispanic,0.069833414,0.151904886,0.041268867,,,
4,B: US NDC Carbon Cap,2040,Indigenous,0.064572427,0.102789594,0.034857118,,,
5,B: US NDC Carbon Cap,2040,Non-Latinx White,0.103753065,0.170184233,0.070381743,,,
0,B: US NDC Carbon Cap,2045,Total,0.134641007,0.190594037,0.094527315,,,
1,B: US NDC Carbon Cap,2045,Black,0.176505003,0.26162298,0.108921556,,,
2,B: US NDC Carbon Cap,2045,Asian,0.099391993,0.179324788,0.062767227,,,
3,B: US NDC Carbon Cap,2045,Latinx/Hispanic,0.101257549,0.172960036,0.072117249,,,
4,B: US NDC Carbon Cap,2045,Indigenous,0.108633903,0.137176693,0.086629705,,,
5,B: US NDC Carbon Cap,2045,Non-Latinx White,0.148684442,0.203221505,0.107266098,,,
0,B: US NDC Carbon Cap,2050,Total,0.193565813,0.237873645,0.150844443,,,
1,B: US NDC Carbon Cap,2050,Black,0.242762569,0.315237229,0.165684306,,,
2,B: US NDC Carbon Cap,2050,Asian,0.140582444,0.212862371,0.098909549,,,
3,B: US NDC Carbon Cap,2050,Latinx/Hispanic,0.14354194,0.20542709,0.116713945,,,
4,B: US NDC Carbon Cap,2050,Indigenous,0.156211337,0.17647341,0.148114941,,,
5,B: US NDC Carbon Cap,2050,Non-Latinx White,0.216167326,0.257340664,0.172622531,,,
0,C: 1.5C Pathway Carbon Cap,2020,Total,0.572260849,0.598874078,0.443384949,,,
1,C: 1.5C Pathway Carbon Cap,2020,Black,0.751087064,0.810282529,0.51282305,,,
2,C: 1.5C Pathway Carbon Cap,2020,Asian,0.421046107,0.534163624,0.273877287,,,
3,C: 1.5C Pathway Carbon Cap,2020,Latinx/Hispanic,0.367471418,0.459481986,0.257425052,,,
4,C: 1.5C Pathway Carbon Cap,2020,Indigenous,0.395760539,0.384931747,0.292306371,,,
5,C: 1.5C Pathway Carbon Cap,2020,Non-Latinx White,0.637708603,0.64979447,0.513162921,,,
0,C: 1.5C Pathway Carbon Cap,2026,Total,0.234576432,0.30020334,0.166667755,,,
1,C: 1.5C Pathway Carbon Cap,2026,Black,0.313059561,0.413477444,0.194751924,,,
2,C: 1.5C Pathway Carbon Cap,2026,Asian,0.171242848,0.279615761,0.101483182,,,
3,C: 1.5C Pathway Carbon Cap,2026,Latinx/Hispanic,0.151965842,0.247759892,0.096459464,,,
4,C: 1.5C Pathway Carbon Cap,2026,Indigenous,0.161793694,0.197549268,0.120542046,,,
5,C: 1.5C Pathway Carbon Cap,2026,Non-Latinx White,0.260405129,0.322038467,0.192380329,,,
0,C: 1.5C Pathway Carbon Cap,2030,Total,0.035091102,0.10320322,0.017361586,,,
1,C: 1.5C Pathway Carbon Cap,2030,Black,0.044755072,0.144844625,0.021293077,,,
2,C: 1.5C Pathway Carbon Cap,2030,Asian,0.033572889,0.111014742,0.016305176,,,
3,C: 1.5C Pathway Carbon Cap,2030,Latinx/Hispanic,0.033745928,0.108318065,0.01597769,,,
4,C: 1.5C Pathway Carbon Cap,2030,Indigenous,0.025297274,0.068393194,0.010438037,,,
5,C: 1.5C Pathway Carbon Cap,2030,Non-Latinx White,0.037801748,0.107398884,0.018966691,,,
0,C: 1.5C Pathway Carbon Cap,2035,Total,0.013778059,0.042293127,0.005325069,,,
1,C: 1.5C Pathway Carbon Cap,2035,Black,0.017287321,0.059165494,0.006290684,,,
2,C: 1.5C Pathway Carbon Cap,2035,Asian,0.014860908,0.045868241,0.006921759,,,
3,C: 1.5C Pathway Carbon Cap,2035,Latinx/Hispanic,0.015898466,0.046258619,0.007429924,,,
4,C: 1.5C Pathway Carbon Cap,2035,Indigenous,0.011001081,0.028708526,0.004038637,,,
5,C: 1.5C Pathway Carbon Cap,2035,Non-Latinx White,0.01447047,0.043788175,0.005439814,,,
0,C: 1.5C Pathway Carbon Cap,2040,Total,0.016304729,0.052732776,0.005972561,,,
1,C: 1.5C Pathway Carbon Cap,2040,Black,0.021626081,0.07507638,0.007632562,,,
2,C: 1.5C Pathway Carbon Cap,2040,Asian,0.016389807,0.05634573,0.006930807,,,
3,C: 1.5C Pathway Carbon Cap,2040,Latinx/Hispanic,0.018446732,0.060009416,0.008112795,,,
4,C: 1.5C Pathway Carbon Cap,2040,Indigenous,0.012599575,0.036365667,0.004203071,,,
5,C: 1.5C Pathway Carbon Cap,2040,Non-Latinx White,0.017133347,0.054313744,0.006135405,,,
0,C: 1.5C Pathway Carbon Cap,2045,Total,0.01120436,0.035892177,0.004020756,,,
1,C: 1.5C Pathway Carbon Cap,2045,Black,0.015522433,0.052134798,0.005320894,,,
2,C: 1.5C Pathway Carbon Cap,2045,Asian,0.010701143,0.037090365,0.004379947,,,
3,C: 1.5C Pathway Carbon Cap,2045,Latinx/Hispanic,0.011865111,0.038999694,0.005052537,,,
4,C: 1.5C Pathway Carbon Cap,2045,Indigenous,0.008157922,0.02390503,0.002687074,,,
5,C: 1.5C Pathway Carbon Cap,2045,Non-Latinx White,0.011782749,0.037058593,0.004159918,,,
0,C: 1.5C Pathway Carbon Cap,2050,Total,0.004950408,0.013422132,0.001616922,,,
1,C: 1.5C Pathway Carbon Cap,2050,Black,0.007246454,0.020379136,0.00222295,,,
2,C: 1.5C Pathway Carbon Cap,2050,Asian,0.004176764,0.012184289,0.001572855,,,
3,C: 1.5C Pathway Carbon Cap,2050,Latinx/Hispanic,0.005055436,0.014303093,0.002008829,,,
4,C: 1.5C Pathway Carbon Cap,2050,Indigenous,0.003772519,0.009367298,0.001126168,,,
5,C: 1.5C Pathway Carbon Cap,2050,Non-Latinx White,0.005205861,0.01390365,0.001680438,,,
0,D: 80% RE 2050 Mandate,2020,Total,0.873246323,0.85343429,0.676462483,,,
1,D: 80% RE 2050 Mandate,2020,Black,1.136139712,1.146074168,0.785651136,,,
2,D: 80% RE 2050 Mandate,2020,Asian,0.651451805,0.749650562,0.445161068,,,
3,D: 80% RE 2050 Mandate,2020,Latinx/Hispanic,0.603376967,0.66938785,0.465875544,,,
4,D: 80% RE 2050 Mandate,2020,Indigenous,0.657279718,0.587579312,0.515088436,,,
5,D: 80% RE 2050 Mandate,2020,Non-Latinx White,0.970206131,0.926871175,0.773311984,,,
0,D: 80% RE 2050 Mandate,2026,Total,0.77987707,0.756043136,0.594739164,,,
1,D: 80% RE 2050 Mandate,2026,Black,1.022764261,1.022356125,0.686345859,,,
2,D: 80% RE 2050 Mandate,2026,Asian,0.560319578,0.644730083,0.360737941,,,
3,D: 80% RE 2050 Mandate,2026,Latinx/Hispanic,0.502667017,0.552169764,0.361278161,,,
4,D: 80% RE 2050 Mandate,2026,Indigenous,0.543164753,0.48884313,0.417157294,,,
5,D: 80% RE 2050 Mandate,2026,Non-Latinx White,0.870528584,0.825432407,0.68783017,,,
0,D: 80% RE 2050 Mandate,2030,Total,0.663840195,0.652133393,0.511882436,,,
1,D: 80% RE 2050 Mandate,2030,Black,0.865339878,0.879356466,0.58665143,,,
2,D: 80% RE 2050 Mandate,2030,Asian,0.470660987,0.551673413,0.3088741,,,
3,D: 80% RE 2050 Mandate,2030,Latinx/Hispanic,0.429836739,0.479065543,0.318099514,,,
4,D: 80% RE 2050 Mandate,2030,Indigenous,0.47144575,0.429934596,0.373172556,,,
5,D: 80% RE 2050 Mandate,2030,Non-Latinx White,0.742187417,0.712573737,0.592098399,,,
0,D: 80% RE 2050 Mandate,2035,Total,0.483458334,0.489282272,0.369701229,,,
1,D: 80% RE 2050 Mandate,2035,Black,0.636526074,0.662390424,0.42466071,,,
2,D: 80% RE 2050 Mandate,2035,Asian,0.339383702,0.416435182,0.22286419,,,
3,D: 80% RE 2050 Mandate,2035,Latinx/Hispanic,0.31210974,0.367787129,0.23365245,,,
4,D: 80% RE 2050 Mandate,2035,Indigenous,0.341983751,0.328365403,0.284441305,,,
5,D: 80% RE 2050 Mandate,2035,Non-Latinx White,0.53990273,0.533259223,0.42692926,,,
0,D: 80% RE 2050 Mandate,2040,Total,0.287423141,0.314061384,0.220540962,,,
1,D: 80% RE 2050 Mandate,2040,Black,0.374973092,0.42251993,0.249508533,,,
2,D: 80% RE 2050 Mandate,2040,Asian,0.200668351,0.271529125,0.137054359,,,
3,D: 80% RE 2050 Mandate,2040,Latinx/Hispanic,0.194786661,0.251992296,0.155479748,,,
4,D: 80% RE 2050 Mandate,2040,Indigenous,0.219274027,0.227817477,0.198666065,,,
5,D: 80% RE 2050 Mandate,2040,Non-Latinx White,0.320668104,0.340873138,0.253162851,,,
0,D: 80% RE 2050 Mandate,2045,Total,0.169268132,0.202472618,0.131043806,,,
1,D: 80% RE 2050 Mandate,2045,Black,0.206634999,0.262699735,0.139281983,,,
2,D: 80% RE 2050 Mandate,2045,Asian,0.122657409,0.181312162,0.085652084,,,
3,D: 80% RE 2050 Mandate,2045,Latinx/Hispanic,0.126579874,0.175862764,0.105308403,,,
4,D: 80% RE 2050 Mandate,2045,Indigenous,0.142205556,0.158635186,0.142449833,,,
5,D: 80% RE 2050 Mandate,2045,Non-Latinx White,0.189819138,0.219745622,0.150224429,,,
0,D: 80% RE 2050 Mandate,2050,Total,0.094663272,0.123835301,0.076716538,,,
1,D: 80% RE 2050 Mandate,2050,Black,0.103862021,0.152751564,0.070212118,,9.70%,0.038068939
2,D: 80% RE 2050 Mandate,2050,Asian,0.069445351,0.111880125,0.051890757,,-26.60%,
3,D: 80% RE 2050 Mandate,2050,Latinx/Hispanic,0.074539825,0.111852444,0.068978729,,-21.30%,
4,D: 80% RE 2050 Mandate,2050,Indigenous,0.092384065,0.109819347,0.107887612,,-2.40%,
5,D: 80% RE 2050 Mandate,2050,Non-Latinx White,0.107514289,0.135038383,0.088653939,,13.60%,
0,E: 100% RE 2035 Mandate,2020,Total,0.873246323,0.85343429,0.676462483,,,
1,E: 100% RE 2035 Mandate,2020,Black,1.136139712,1.146074168,0.785651136,,,
2,E: 100% RE 2035 Mandate,2020,Asian,0.651451805,0.749650562,0.445161068,,,
3,E: 100% RE 2035 Mandate,2020,Latinx/Hispanic,0.603376967,0.66938785,0.465875544,,,
4,E: 100% RE 2035 Mandate,2020,Indigenous,0.657279718,0.587579312,0.515088436,,,
5,E: 100% RE 2035 Mandate,2020,Non-Latinx White,0.970206131,0.926871175,0.773311984,,,
0,E: 100% RE 2035 Mandate,2026,Total,0.280734392,0.314288429,0.209082891,,,
1,E: 100% RE 2035 Mandate,2026,Black,0.359150199,0.41845439,0.224649689,,,
2,E: 100% RE 2035 Mandate,2026,Asian,0.197320662,0.2777414,0.120668744,,,
3,E: 100% RE 2035 Mandate,2026,Latinx/Hispanic,0.175503627,0.242361584,0.123763345,,,
4,E: 100% RE 2035 Mandate,2026,Indigenous,0.199419881,0.214183143,0.170498926,,,
5,E: 100% RE 2035 Mandate,2026,Non-Latinx White,0.315457542,0.342166424,0.244825376,,,
0,E: 100% RE 2035 Mandate,2030,Total,0.043815558,0.085537857,0.031061836,,,
1,E: 100% RE 2035 Mandate,2030,Black,0.051651733,0.113017381,0.029114973,,,
2,E: 100% RE 2035 Mandate,2030,Asian,0.037152102,0.0874941,0.021161591,,,
3,E: 100% RE 2035 Mandate,2030,Latinx/Hispanic,0.034384606,0.081332318,0.021263628,,,
4,E: 100% RE 2035 Mandate,2030,Indigenous,0.030754307,0.055444591,0.021410219,,,
5,E: 100% RE 2035 Mandate,2030,Non-Latinx White,0.048949147,0.091304253,0.036646423,,,
0,E: 100% RE 2035 Mandate,2035,Total,0.002707773,3.66E-15,0.000998991,,,
1,E: 100% RE 2035 Mandate,2035,Black,0.004300556,2.07E-15,0.001395105,,,
2,E: 100% RE 2035 Mandate,2035,Asian,0.002352748,3.15E-15,0.001099378,,,
3,E: 100% RE 2035 Mandate,2035,Latinx/Hispanic,0.002333922,3.21E-15,0.001017144,,,
4,E: 100% RE 2035 Mandate,2035,Indigenous,0.001996046,5.50E-15,0.000742308,,,
5,E: 100% RE 2035 Mandate,2035,Non-Latinx White,0.002796619,4.34E-15,0.001027807,,,
0,E: 100% RE 2035 Mandate,2040,Total,0.005766705,6.87E-14,0.001830649,,,
1,E: 100% RE 2035 Mandate,2040,Black,0.009800897,1.09E-13,0.002834733,,,
2,E: 100% RE 2035 Mandate,2040,Asian,0.004057239,1.41E-13,0.001330264,,,
3,E: 100% RE 2035 Mandate,2040,Latinx/Hispanic,0.003633117,9.10E-14,0.001133605,,,
4,E: 100% RE 2035 Mandate,2040,Indigenous,0.003715413,3.48E-14,0.00106241,,,
5,E: 100% RE 2035 Mandate,2040,Non-Latinx White,0.006064157,6.24E-14,0.001971603,,,
0,E: 100% RE 2035 Mandate,2045,Total,0.005766705,6.87E-14,0.001830649,,,
1,E: 100% RE 2035 Mandate,2045,Black,0.009800897,1.09E-13,0.002834733,,,
2,E: 100% RE 2035 Mandate,2045,Asian,0.004057239,1.41E-13,0.001330264,,,
3,E: 100% RE 2035 Mandate,2045,Latinx/Hispanic,0.003633117,9.10E-14,0.001133605,,,
4,E: 100% RE 2035 Mandate,2045,Indigenous,0.003715413,3.48E-14,0.00106241,,,
5,E: 100% RE 2035 Mandate,2045,Non-Latinx White,0.006064157,6.24E-14,0.001971603,,,
0,E: 100% RE 2035 Mandate,2050,Total,0.006275648,1.14E-13,0.001949938,,,
1,E: 100% RE 2035 Mandate,2050,Black,0.0112229,1.80E-13,0.003263494,,,
2,E: 100% RE 2035 Mandate,2050,Asian,0.004103547,2.34E-13,0.001243247,,,
3,E: 100% RE 2035 Mandate,2050,Latinx/Hispanic,0.003835114,1.50E-13,0.001130828,,,
4,E: 100% RE 2035 Mandate,2050,Indigenous,0.004916574,5.75E-14,0.001489699,,,
5,E: 100% RE 2035 Mandate,2050,Non-Latinx White,0.006515719,1.03E-13,0.002069502,,,
0,F: 100% RE 2050 Mandate,2020,Total,0.873246323,0.85343429,0.676462483,,,
1,F: 100% RE 2050 Mandate,2020,Black,1.136139711,1.146074168,0.785651136,,,
2,F: 100% RE 2050 Mandate,2020,Asian,0.651451805,0.749650562,0.445161068,,,
3,F: 100% RE 2050 Mandate,2020,Latinx/Hispanic,0.603376967,0.66938785,0.465875544,,,
4,F: 100% RE 2050 Mandate,2020,Indigenous,0.657279718,0.587579312,0.515088435,,,
5,F: 100% RE 2050 Mandate,2020,Non-Latinx White,0.97020613,0.926871175,0.773311984,,,
0,F: 100% RE 2050 Mandate,2026,Total,0.684137131,0.671580043,0.523403924,,,
1,F: 100% RE 2050 Mandate,2026,Black,0.899234528,0.909435632,0.604078592,,,
2,F: 100% RE 2050 Mandate,2026,Asian,0.484264617,0.570231866,0.311173871,,,
3,F: 100% RE 2050 Mandate,2026,Latinx/Hispanic,0.434169722,0.489773334,0.312488427,,,
4,F: 100% RE 2050 Mandate,2026,Indigenous,0.475177826,0.436386033,0.37306389,,,
5,F: 100% RE 2050 Mandate,2026,Non-Latinx White,0.764465115,0.733225136,0.606145197,,,
0,F: 100% RE 2050 Mandate,2030,Total,0.4618844,0.476003769,0.351483168,,,
1,F: 100% RE 2050 Mandate,2030,Black,0.60171,0.641660165,0.397791062,,,
2,F: 100% RE 2050 Mandate,2030,Asian,0.325108696,0.406132547,0.211277077,,,
3,F: 100% RE 2050 Mandate,2030,Latinx/Hispanic,0.297578215,0.357233938,0.220826193,,,
4,F: 100% RE 2050 Mandate,2030,Indigenous,0.332191227,0.323947723,0.279217121,,,
5,F: 100% RE 2050 Mandate,2030,Non-Latinx White,0.516640534,0.519089074,0.406828099,,,
0,F: 100% RE 2050 Mandate,2035,Total,0.216782435,0.252483717,0.162709954,,,
1,F: 100% RE 2050 Mandate,2035,Black,0.276919615,0.336601956,0.1781746,,,
2,F: 100% RE 2050 Mandate,2035,Asian,0.151543017,0.222790754,0.101860512,,,
3,F: 100% RE 2050 Mandate,2035,Latinx/Hispanic,0.147433295,0.207138628,0.116546156,,,
4,F: 100% RE 2050 Mandate,2035,Indigenous,0.168973767,0.184552238,0.152186619,,,
5,F: 100% RE 2050 Mandate,2035,Non-Latinx White,0.242680205,0.273791965,0.187378844,,,
0,F: 100% RE 2050 Mandate,2040,Total,0.077594232,0.114842333,0.061550223,,,
1,F: 100% RE 2050 Mandate,2040,Black,0.091803657,0.147459845,0.060529412,,,
2,F: 100% RE 2050 Mandate,2040,Asian,0.056865365,0.107561386,0.039865831,,,
3,F: 100% RE 2050 Mandate,2040,Latinx/Hispanic,0.056579242,0.104791124,0.047257645,,,
4,F: 100% RE 2050 Mandate,2040,Indigenous,0.065297997,0.088142695,0.068145498,,,
5,F: 100% RE 2050 Mandate,2040,Non-Latinx White,0.087541942,0.124196254,0.071438627,,,
0,F: 100% RE 2050 Mandate,2045,Total,0.024305588,0.053305205,0.017560486,,,
1,F: 100% RE 2050 Mandate,2045,Black,0.028696505,0.07284611,0.017748431,,,
2,F: 100% RE 2050 Mandate,2045,Asian,0.019978582,0.055690144,0.013284272,,,
3,F: 100% RE 2050 Mandate,2045,Latinx/Hispanic,0.020849984,0.054145254,0.016522554,,,
4,F: 100% RE 2050 Mandate,2045,Indigenous,0.020375227,0.038189599,0.018705845,,,
5,F: 100% RE 2050 Mandate,2045,Non-Latinx White,0.027014299,0.056003068,0.019888904,,,
0,F: 100% RE 2050 Mandate,2050,Total,0.00124267,4.20E-15,0.000445782,,,
1,F: 100% RE 2050 Mandate,2050,Black,0.001830513,2.12E-15,0.000599934,,,
2,F: 100% RE 2050 Mandate,2050,Asian,0.000971947,3.94E-15,0.000404588,,,
3,F: 100% RE 2050 Mandate,2050,Latinx/Hispanic,0.001185338,3.55E-15,0.000446253,,,
4,F: 100% RE 2050 Mandate,2050,Indigenous,0.000773621,6.25E-15,0.000264889,,,
5,F: 100% RE 2050 Mandate,2050,Non-Latinx White,0.001322115,4.97E-15,0.000476749,,,
0,G: Low Carbon 2035 Mandate,2020,Total,0.873246323,0.85343429,0.676462483,,,
1,G: Low Carbon 2035 Mandate,2020,Black,1.136139712,1.146074168,0.785651136,,,
2,G: Low Carbon 2035 Mandate,2020,Asian,0.651451805,0.749650562,0.445161068,,,
3,G: Low Carbon 2035 Mandate,2020,Latinx/Hispanic,0.603376967,0.66938785,0.465875544,,,
4,G: Low Carbon 2035 Mandate,2020,Indigenous,0.657279718,0.587579312,0.515088436,,,
5,G: Low Carbon 2035 Mandate,2020,Non-Latinx White,0.970206131,0.926871175,0.773311984,,,
0,G: Low Carbon 2035 Mandate,2026,Total,0.666774274,0.659418618,0.508467288,,,
1,G: Low Carbon 2035 Mandate,2026,Black,0.880504964,0.895724186,0.586361242,,,
2,G: Low Carbon 2035 Mandate,2026,Asian,0.468288997,0.559770803,0.294385887,,,
3,G: Low Carbon 2035 Mandate,2026,Latinx/Hispanic,0.406773311,0.471969338,0.282265332,,,
4,G: Low Carbon 2035 Mandate,2026,Indigenous,0.452133172,0.423250862,0.363917412,,,
5,G: Low Carbon 2035 Mandate,2026,Non-Latinx White,0.746015364,0.720219845,0.591103868,,,
0,G: Low Carbon 2035 Mandate,2030,Total,0.169654011,0.212643415,0.122642817,,,
1,G: Low Carbon 2035 Mandate,2030,Black,0.209146064,0.279332209,0.126827912,,,
2,G: Low Carbon 2035 Mandate,2030,Asian,0.121840866,0.194512496,0.076445473,,,
3,G: Low Carbon 2035 Mandate,2030,Latinx/Hispanic,0.119967179,0.185568237,0.088917663,,,
4,G: Low Carbon 2035 Mandate,2030,Indigenous,0.138848561,0.163179374,0.130572003,,,
5,G: Low Carbon 2035 Mandate,2030,Non-Latinx White,0.190413051,0.229724118,0.142160572,,,
0,G: Low Carbon 2035 Mandate,2035,Total,0.015143427,0.049432883,0.005191571,,,
1,G: Low Carbon 2035 Mandate,2035,Black,0.020300066,0.069090504,0.006507711,,,
2,G: Low Carbon 2035 Mandate,2035,Asian,0.014775583,0.052598472,0.005817418,,,
3,G: Low Carbon 2035 Mandate,2035,Latinx/Hispanic,0.016957884,0.05789176,0.007001232,,,
4,G: Low Carbon 2035 Mandate,2035,Indigenous,0.011378797,0.0343879,0.003648001,,,
5,G: Low Carbon 2035 Mandate,2035,Non-Latinx White,0.01593432,0.051015871,0.005380812,,,
0,G: Low Carbon 2035 Mandate,2040,Total,0.016704311,0.055965713,0.005825105,,,
1,G: Low Carbon 2035 Mandate,2040,Black,0.022343022,0.077755749,0.007445564,,,
2,G: Low Carbon 2035 Mandate,2040,Asian,0.016235992,0.059820557,0.006322435,,,
3,G: Low Carbon 2035 Mandate,2040,Latinx/Hispanic,0.01873711,0.065908418,0.007791429,,,
4,G: Low Carbon 2035 Mandate,2040,Indigenous,0.012021131,0.038029414,0.003835411,,,
5,G: Low Carbon 2035 Mandate,2040,Non-Latinx White,0.017617253,0.057814163,0.006050289,,,
0,G: Low Carbon 2035 Mandate,2045,Total,0.015704025,0.05295162,0.00544073,,,
1,G: Low Carbon 2035 Mandate,2045,Black,0.021189339,0.073997797,0.007006417,,,
2,G: Low Carbon 2035 Mandate,2045,Asian,0.015470455,0.056875777,0.006059257,,,
3,G: Low Carbon 2035 Mandate,2045,Latinx/Hispanic,0.018269684,0.064270837,0.007664485,,,
4,G: Low Carbon 2035 Mandate,2045,Indigenous,0.01167536,0.037128808,0.003727552,,,
5,G: Low Carbon 2035 Mandate,2045,Non-Latinx White,0.016450667,0.054407991,0.005592439,,,
0,G: Low Carbon 2035 Mandate,2050,Total,0.014643667,0.049159277,0.005085687,,,
1,G: Low Carbon 2035 Mandate,2050,Black,0.019626532,0.068551036,0.006450083,,,
2,G: Low Carbon 2035 Mandate,2050,Asian,0.014454047,0.052785965,0.005740435,,,
3,G: Low Carbon 2035 Mandate,2050,Latinx/Hispanic,0.016952113,0.059237245,0.007203197,,,
4,G: Low Carbon 2035 Mandate,2050,Indigenous,0.010980828,0.034669354,0.003547451,,,
5,G: Low Carbon 2035 Mandate,2050,Non-Latinx White,0.01534504,0.050508642,0.005220982,,,
0,H: Low Carbon 2050 Mandate,2020,Total,0.873246323,0.85343429,0.676462483,,,
1,H: Low Carbon 2050 Mandate,2020,Black,1.136139711,1.146074168,0.785651136,,,
2,H: Low Carbon 2050 Mandate,2020,Asian,0.651451805,0.749650562,0.445161068,,,
3,H: Low Carbon 2050 Mandate,2020,Latinx/Hispanic,0.603376967,0.66938785,0.465875544,,,
4,H: Low Carbon 2050 Mandate,2020,Indigenous,0.657279718,0.587579312,0.515088435,,,
5,H: Low Carbon 2050 Mandate,2020,Non-Latinx White,0.97020613,0.926871175,0.773311984,,,
0,H: Low Carbon 2050 Mandate,2026,Total,0.904372284,0.872463699,0.685650696,,,
1,H: Low Carbon 2050 Mandate,2026,Black,1.191717967,1.185898241,0.808167352,,,
2,H: Low Carbon 2050 Mandate,2026,Asian,0.662845379,0.754849196,0.440771337,,,
3,H: Low Carbon 2050 Mandate,2026,Latinx/Hispanic,0.616963032,0.673016087,0.461469395,,,
4,H: Low Carbon 2050 Mandate,2026,Indigenous,0.655921373,0.578379068,0.486133013,,,
5,H: Low Carbon 2050 Mandate,2026,Non-Latinx White,1.004373024,0.947590233,0.784365553,,,
0,H: Low Carbon 2050 Mandate,2030,Total,0.809395535,0.785921446,0.613220976,,,
1,H: Low Carbon 2050 Mandate,2030,Black,1.067172264,1.06912433,0.714131855,,,
2,H: Low Carbon 2050 Mandate,2030,Asian,0.581581126,0.670904535,0.37451491,,,
3,H: Low Carbon 2050 Mandate,2030,Latinx/Hispanic,0.525937476,0.583161597,0.376278405,,,
4,H: Low Carbon 2050 Mandate,2030,Indigenous,0.568939919,0.510867996,0.432884523,,,
5,H: Low Carbon 2050 Mandate,2030,Non-Latinx White,0.90204933,0.856256986,0.707467384,,,
0,H: Low Carbon 2050 Mandate,2035,Total,0.523502077,0.530298063,0.395990482,,,
1,H: Low Carbon 2050 Mandate,2035,Black,0.695162997,0.72453336,0.458545685,,,
2,H: Low Carbon 2050 Mandate,2035,Asian,0.361424681,0.449165219,0.229745539,,,
3,H: Low Carbon 2050 Mandate,2035,Latinx/Hispanic,0.327091619,0.395718692,0.231680189,,,
4,H: Low Carbon 2050 Mandate,2035,Indigenous,0.364937763,0.348264291,0.292295524,,,
5,H: Low Carbon 2050 Mandate,2035,Non-Latinx White,0.584824422,0.577261186,0.458764576,,,
0,H: Low Carbon 2050 Mandate,2040,Total,0.225412155,0.261942809,0.165490024,,,
1,H: Low Carbon 2050 Mandate,2040,Black,0.289034221,0.351076187,0.182014489,,,
2,H: Low Carbon 2050 Mandate,2040,Asian,0.155794102,0.229893786,0.100665033,,,
3,H: Low Carbon 2050 Mandate,2040,Latinx/Hispanic,0.154040342,0.220393352,0.116673457,,,
4,H: Low Carbon 2050 Mandate,2040,Indigenous,0.175052676,0.193162904,0.159773286,,,
5,H: Low Carbon 2050 Mandate,2040,Non-Latinx White,0.252308607,0.283446715,0.190745937,,,
0,H: Low Carbon 2050 Mandate,2045,Total,0.062363264,0.096377347,0.04904338,,,
1,H: Low Carbon 2050 Mandate,2045,Black,0.071563051,0.122933029,0.044955229,,,
2,H: Low Carbon 2050 Mandate,2045,Asian,0.045875588,0.092017189,0.031210973,,,
3,H: Low Carbon 2050 Mandate,2045,Latinx/Hispanic,0.046121942,0.091593501,0.038033936,,,
4,H: Low Carbon 2050 Mandate,2045,Indigenous,0.052719792,0.074858678,0.056686836,,,
5,H: Low Carbon 2050 Mandate,2045,Non-Latinx White,0.070625666,0.103815226,0.05737356,,,
0,H: Low Carbon 2050 Mandate,2050,Total,0.008936789,0.02870282,0.002997448,,,
1,H: Low Carbon 2050 Mandate,2050,Black,0.012945123,0.042802129,0.004087895,,,
2,H: Low Carbon 2050 Mandate,2050,Asian,0.008130695,0.028698744,0.003165785,,,
3,H: Low Carbon 2050 Mandate,2050,Latinx/Hispanic,0.009534017,0.032304895,0.003957316,,,
4,H: Low Carbon 2050 Mandate,2050,Indigenous,0.006363372,0.019365288,0.002001522,,,
5,H: Low Carbon 2050 Mandate,2050,Non-Latinx White,0.009322207,0.029377558,0.003063622,,,
